{
	"credit": "Made with Blockbench by ProfBones",
	"parent": "block/block",
	"texture_size": [36, 36],
	"textures": {
		"1": "create_new_age:block/carbon_brushes",
		"particle": "create:block/andesite_block"
	},
	"elements": [
		{
			"name": "Axis",
			"from": [4, 4, 12],
			"to": [12, 12, 15],
			"faces": {
				"north": {"uv": [4.45867, 0.01422, 7.98578, 3.54133], "texture": "#1"},
				"east": {"uv": [8.01422, 1.792, 11.54133, 3.09689], "rotation": 90, "texture": "#1"},
				"south": {"uv": [4.45867, 0.01422, 7.98578, 3.54133], "texture": "#1", "cullface": "south"},
				"west": {"uv": [8.01422, 1.792, 11.54133, 3.09689], "rotation": 90, "texture": "#1"},
				"up": {"uv": [8.01422, 1.792, 11.54133, 3.09689], "texture": "#1"},
				"down": {"uv": [8.01422, 1.792, 11.54133, 3.09689], "texture": "#1"}
			}
		},
		{
			"name": "Axis",
			"from": [4, 4, 1],
			"to": [12, 12, 4],
			"faces": {
				"north": {"uv": [4.45867, 0.01422, 7.98578, 3.54133], "texture": "#1", "cullface": "north"},
				"east": {"uv": [8.01422, 1.792, 11.54133, 3.09689], "rotation": 90, "texture": "#1"},
				"south": {"uv": [4.45867, 0.01422, 7.98578, 3.54133], "texture": "#1"},
				"west": {"uv": [8.01422, 1.792, 11.54133, 3.09689], "rotation": 90, "texture": "#1"},
				"up": {"uv": [8.01422, 1.792, 11.54133, 3.09689], "texture": "#1"},
				"down": {"uv": [8.01422, 1.792, 11.54133, 3.09689], "texture": "#1"}
			}
		},
		{
			"name": "Axis",
			"from": [6.91, 11, 6],
			"to": [9.09, 13, 10],
			"faces": {
				"north": {"uv": [0.45867, 6.23644, 1.31911, 7.09689], "texture": "#1"},
				"east": {"uv": [0.45867, 5.34756, 2.208, 6.208], "texture": "#1"},
				"south": {"uv": [1.34756, 6.23644, 2.208, 7.09689], "texture": "#1"},
				"west": {"uv": [0.45867, 5.34756, 2.208, 6.208], "texture": "#1"}
			}
		},
		{
			"name": "Axis",
			"from": [6, 13, 6],
			"to": [10, 14, 10],
			"faces": {
				"north": {"uv": [12.90311, 0.01422, 13.31911, 1.76356], "rotation": 90, "texture": "#1"},
				"east": {"uv": [11.56978, 1.34756, 13.31911, 1.76356], "texture": "#1"},
				"south": {"uv": [11.56978, 0.01422, 11.98578, 1.76356], "rotation": 270, "texture": "#1"},
				"west": {"uv": [13.31911, 0.01422, 11.56978, 0.43022], "texture": "#1"},
				"down": {"uv": [11.56978, 1.76356, 13.31911, 0.01422], "rotation": 90, "texture": "#1"}
			}
		},
		{
			"name": "Axis",
			"from": [6, 2, 6],
			"to": [10, 3, 10],
			"faces": {
				"north": {"uv": [9.34756, 0.01422, 9.76356, 1.76356], "rotation": 90, "texture": "#1"},
				"east": {"uv": [8.01422, 1.34756, 9.76356, 1.76356], "texture": "#1"},
				"south": {"uv": [8.01422, 0.01422, 8.43022, 1.76356], "rotation": 270, "texture": "#1"},
				"west": {"uv": [9.76356, 0.01422, 8.01422, 0.43022], "texture": "#1"},
				"up": {"uv": [9.76356, 1.76356, 8.01422, 0.01422], "rotation": 90, "texture": "#1"}
			}
		},
		{
			"name": "Axis",
			"from": [6.91, 3, 6],
			"to": [9.09, 5, 10],
			"faces": {
				"north": {"uv": [0.45867, 6.23644, 1.31911, 7.09689], "texture": "#1"},
				"east": {"uv": [0.45867, 5.34756, 2.208, 6.208], "texture": "#1"},
				"south": {"uv": [1.34756, 6.23644, 2.208, 7.09689], "texture": "#1"},
				"west": {"uv": [0.45867, 5.34756, 2.208, 6.208], "texture": "#1"}
			}
		},
		{
			"name": "Axis",
			"from": [6, 15, 6],
			"to": [10, 16, 10],
			"faces": {
				"north": {"uv": [9.34756, 0.01422, 9.76356, 1.76356], "rotation": 90, "texture": "#1"},
				"east": {"uv": [8.01422, 1.34756, 9.76356, 1.76356], "texture": "#1"},
				"south": {"uv": [8.01422, 0.01422, 8.43022, 1.76356], "rotation": 270, "texture": "#1"},
				"west": {"uv": [9.76356, 0.01422, 8.01422, 0.43022], "texture": "#1"},
				"up": {"uv": [9.76356, 1.76356, 8.01422, 0.01422], "rotation": 90, "texture": "#1", "cullface": "up"}
			}
		},
		{
			"name": "Axis",
			"from": [6, 0, 6],
			"to": [10, 1, 10],
			"faces": {
				"north": {"uv": [12.90311, 0.01422, 13.31911, 1.76356], "rotation": 90, "texture": "#1"},
				"east": {"uv": [11.56978, 1.34756, 13.31911, 1.76356], "texture": "#1"},
				"south": {"uv": [11.56978, 0.01422, 11.98578, 1.76356], "rotation": 270, "texture": "#1"},
				"west": {"uv": [13.31911, 0.01422, 11.56978, 0.43022], "texture": "#1"},
				"down": {"uv": [11.56978, 1.76356, 13.31911, 0.01422], "rotation": 90, "texture": "#1", "cullface": "down"}
			}
		},
		{
			"name": "Axis",
			"from": [0, 6, 6],
			"to": [1, 10, 10],
			"faces": {
				"north": {"uv": [10.208, 0.01422, 9.792, 1.76356], "texture": "#1"},
				"south": {"uv": [11.54133, 0.01422, 11.12533, 1.76356], "texture": "#1"},
				"west": {"uv": [11.54133, 1.76356, 9.792, 0.01422], "rotation": 180, "texture": "#1", "cullface": "west"},
				"up": {"uv": [9.792, 0.43022, 11.54133, 0.01422], "rotation": 90, "texture": "#1"},
				"down": {"uv": [11.54133, 1.76356, 9.792, 1.34756], "rotation": 90, "texture": "#1"}
			}
		},
		{
			"name": "Axis",
			"from": [15, 6, 6],
			"to": [16, 10, 10],
			"faces": {
				"north": {"uv": [11.54133, 0.01422, 11.12533, 1.76356], "texture": "#1"},
				"east": {"uv": [11.54133, 1.76356, 9.792, 0.01422], "rotation": 180, "texture": "#1", "cullface": "east"},
				"south": {"uv": [10.208, 0.01422, 9.792, 1.76356], "texture": "#1"},
				"up": {"uv": [11.54133, 0.01422, 9.792, 0.43022], "rotation": 90, "texture": "#1"},
				"down": {"uv": [9.792, 1.76356, 11.54133, 1.34756], "rotation": 90, "texture": "#1"}
			}
		},
		{
			"name": "Top",
			"from": [0, 0, 0],
			"to": [2, 2, 16],
			"faces": {
				"north": {"uv": [6.23644, 9.792, 7.09689, 10.65244], "texture": "#1", "cullface": "north"},
				"east": {"uv": [7.09689, 9.792, 0.01422, 10.65244], "texture": "#1"},
				"south": {"uv": [0.01422, 9.792, 0.87467, 10.65244], "texture": "#1", "cullface": "south"},
				"west": {"uv": [7.09689, 9.792, 0.01422, 10.65244], "texture": "#1", "cullface": "west"},
				"up": {"uv": [7.09689, 9.76356, 0.01422, 8.90311], "rotation": 90, "texture": "#1"},
				"down": {"uv": [7.09689, 9.792, 0.01422, 10.65244], "rotation": 90, "texture": "#1", "cullface": "down"}
			}
		},
		{
			"name": "Top",
			"from": [0, 14, 0],
			"to": [2, 16, 16],
			"faces": {
				"north": {"uv": [6.23644, 8.90311, 7.09689, 9.76356], "texture": "#1", "cullface": "north"},
				"east": {"uv": [7.09689, 8.90311, 0.01422, 9.76356], "texture": "#1"},
				"south": {"uv": [0.01422, 8.90311, 0.87467, 9.76356], "texture": "#1", "cullface": "south"},
				"west": {"uv": [7.09689, 8.90311, 0.01422, 9.76356], "texture": "#1", "cullface": "west"},
				"up": {"uv": [7.09689, 9.76356, 0.01422, 8.90311], "rotation": 90, "texture": "#1", "cullface": "up"},
				"down": {"uv": [7.09689, 9.792, 0.01422, 10.65244], "rotation": 90, "texture": "#1"}
			}
		},
		{
			"name": "Top",
			"from": [14, 14, 0],
			"to": [16, 16, 16],
			"faces": {
				"north": {"uv": [0.01422, 8.90311, 0.87467, 9.76356], "texture": "#1", "cullface": "north"},
				"east": {"uv": [7.09689, 8.90311, 0.01422, 9.76356], "texture": "#1", "cullface": "east"},
				"south": {"uv": [6.23644, 8.90311, 7.09689, 9.76356], "texture": "#1", "cullface": "south"},
				"west": {"uv": [7.09689, 8.90311, 0.01422, 9.76356], "texture": "#1"},
				"up": {"uv": [0.01422, 8.90311, 7.09689, 9.76356], "rotation": 90, "texture": "#1", "cullface": "up"},
				"down": {"uv": [0.01422, 10.65244, 7.09689, 9.792], "rotation": 90, "texture": "#1"}
			}
		},
		{
			"name": "Top",
			"from": [14, 0, 0],
			"to": [16, 2, 16],
			"faces": {
				"north": {"uv": [0.01422, 9.792, 0.87467, 10.65244], "texture": "#1", "cullface": "north"},
				"east": {"uv": [7.09689, 9.792, 0.01422, 10.65244], "texture": "#1", "cullface": "east"},
				"south": {"uv": [6.23644, 9.792, 7.09689, 10.65244], "texture": "#1", "cullface": "south"},
				"west": {"uv": [7.09689, 9.792, 0.01422, 10.65244], "texture": "#1"},
				"up": {"uv": [0.01422, 8.90311, 7.09689, 9.76356], "rotation": 90, "texture": "#1"},
				"down": {"uv": [0.01422, 10.65244, 7.09689, 9.792], "rotation": 90, "texture": "#1", "cullface": "down"}
			}
		},
		{
			"from": [0, 2, 13.5],
			"to": [16, 14, 13.5],
			"shade": false,
			"faces": {
				"north": {"uv": [14.208, 8.90311, 7.12533, 14.208], "texture": "#1"},
				"south": {"uv": [7.12533, 8.90311, 14.208, 14.208], "texture": "#1"}
			}
		},
		{
			"from": [0, 2, 2.5],
			"to": [16, 14, 2.5],
			"shade": false,
			"faces": {
				"north": {"uv": [7.12533, 8.90311, 14.208, 14.208], "texture": "#1"},
				"south": {"uv": [14.208, 8.90311, 7.12533, 14.208], "texture": "#1"}
			}
		},
		{
			"from": [1, 2, 1.5],
			"to": [1, 14, 3.5],
			"shade": false,
			"faces": {
				"east": {"uv": [13.34756, 8.90311, 14.208, 14.208], "texture": "#1"},
				"west": {"uv": [13.34756, 8.90311, 14.208, 14.208], "texture": "#1"}
			}
		},
		{
			"from": [15, 2, 1.5],
			"to": [15, 14, 3.5],
			"shade": false,
			"faces": {
				"east": {"uv": [13.34756, 8.90311, 14.208, 14.208], "texture": "#1"},
				"west": {"uv": [13.34756, 8.90311, 14.208, 14.208], "texture": "#1"}
			}
		},
		{
			"from": [1, 2, 12.5],
			"to": [1, 14, 14.5],
			"shade": false,
			"faces": {
				"east": {"uv": [13.34756, 8.90311, 14.208, 14.208], "texture": "#1"},
				"west": {"uv": [13.34756, 8.90311, 14.208, 14.208], "texture": "#1"}
			}
		},
		{
			"from": [15, 2, 12.5],
			"to": [15, 14, 14.5],
			"shade": false,
			"faces": {
				"east": {"uv": [13.34756, 8.90311, 14.208, 14.208], "texture": "#1"},
				"west": {"uv": [13.34756, 8.90311, 14.208, 14.208], "texture": "#1"}
			}
		},
		{
			"from": [1, 2, 5],
			"to": [2, 14, 11],
			"faces": {
				"north": {"uv": [10.23644, 3.56978, 10.65244, 8.87467], "texture": "#1"},
				"east": {"uv": [8.01422, 3.56978, 10.65244, 8.87467], "texture": "#1"},
				"south": {"uv": [8.01422, 3.56978, 8.43022, 8.87467], "texture": "#1"},
				"west": {"uv": [5.34756, 3.56978, 7.98578, 8.87467], "texture": "#1"}
			}
		},
		{
			"from": [2, 14, 5],
			"to": [14, 15, 11],
			"faces": {
				"north": {"uv": [10.23644, 8.87467, 10.65244, 3.56978], "rotation": 270, "texture": "#1"},
				"south": {"uv": [10.23644, 3.56978, 10.65244, 8.87467], "rotation": 270, "texture": "#1"},
				"up": {"uv": [2.65244, 8.87467, 0.01422, 3.56978], "rotation": 90, "texture": "#1"},
				"down": {"uv": [13.34756, 8.87467, 15.98578, 3.56978], "rotation": 90, "texture": "#1"}
			}
		},
		{
			"from": [14, 2, 5],
			"to": [15, 14, 11],
			"faces": {
				"north": {"uv": [8.01422, 3.56978, 8.43022, 8.87467], "texture": "#1"},
				"east": {"uv": [5.34756, 3.56978, 7.98578, 8.87467], "texture": "#1"},
				"south": {"uv": [10.23644, 3.56978, 10.65244, 8.87467], "texture": "#1"},
				"west": {"uv": [8.01422, 3.56978, 10.65244, 8.87467], "texture": "#1"}
			}
		},
		{
			"from": [2, 1, 5],
			"to": [14, 2, 11],
			"faces": {
				"north": {"uv": [2.68089, 3.56978, 3.09689, 8.87467], "rotation": 90, "texture": "#1"},
				"south": {"uv": [3.09689, 8.87467, 2.68089, 3.56978], "rotation": 90, "texture": "#1"},
				"up": {"uv": [5.31911, 8.87467, 2.68089, 3.56978], "rotation": 90, "texture": "#1"},
				"down": {"uv": [10.68089, 8.87467, 13.31911, 3.56978], "rotation": 90, "texture": "#1"}
			}
		},
		{
			"from": [6.9, 4.4, 4],
			"to": [9.1, 5.4, 12],
			"rotation": {"angle": 45, "axis": "z", "origin": [8, 8, 0]},
			"faces": {
				"east": {"uv": [1.792, 0.01422, 2.208, 3.54133], "rotation": 90, "texture": "#1"},
				"west": {"uv": [3.12533, 0.01422, 3.54133, 3.54133], "rotation": 270, "texture": "#1"},
				"up": {"uv": [3.56978, 0.45867, 7.09689, 1.31911], "rotation": 90, "texture": "#1"},
				"down": {"uv": [2.68089, 3.54133, 3.54133, 0.01422], "rotation": 180, "texture": "#1"}
			}
		},
		{
			"from": [6.9, 4.4, 4],
			"to": [9.1, 5.4, 12],
			"faces": {
				"east": {"uv": [4.01422, 0.01422, 4.43022, 3.54133], "rotation": 90, "texture": "#1"},
				"west": {"uv": [4.01422, 0.01422, 4.43022, 3.54133], "rotation": 90, "texture": "#1"},
				"up": {"uv": [3.56978, 0.45867, 7.09689, 1.31911], "rotation": 90, "texture": "#1"},
				"down": {"uv": [3.56978, 0.01422, 4.43022, 3.54133], "rotation": 180, "texture": "#1"}
			}
		},
		{
			"from": [10.6, 6.9, 4],
			"to": [11.6, 9.1, 12],
			"rotation": {"angle": 45, "axis": "z", "origin": [8, 8, 0]},
			"faces": {
				"east": {"uv": [0.90311, 3.54133, 1.76356, 0.01422], "rotation": 90, "texture": "#1"},
				"west": {"uv": [3.56978, 0.45867, 4.43022, 3.98578], "rotation": 90, "texture": "#1"},
				"up": {"uv": [0.01422, 0.01422, 0.43022, 3.54133], "texture": "#1"},
				"down": {"uv": [2.23644, 0.01422, 2.65244, 3.54133], "texture": "#1"}
			}
		},
		{
			"from": [6.9, 10.6, 4],
			"to": [9.1, 11.6, 12],
			"faces": {
				"east": {"uv": [0.90311, 0.01422, 1.31911, 3.54133], "rotation": 90, "texture": "#1"},
				"west": {"uv": [0.90311, 0.01422, 1.31911, 3.54133], "rotation": 90, "texture": "#1"},
				"up": {"uv": [0.01422, 0.01422, 0.87467, 3.54133], "texture": "#1"},
				"down": {"uv": [3.56978, 0.45867, 7.09689, 1.31911], "rotation": 90, "texture": "#1"}
			}
		},
		{
			"from": [10.6, 6.9, 4],
			"to": [11.6, 9.1, 12],
			"faces": {
				"east": {"uv": [1.792, 3.54133, 2.65244, 0.01422], "rotation": 90, "texture": "#1"},
				"west": {"uv": [3.56978, 0.45867, 4.43022, 3.98578], "rotation": 90, "texture": "#1"},
				"up": {"uv": [0.90311, 0.01422, 1.31911, 3.54133], "texture": "#1"},
				"down": {"uv": [2.23644, 0.01422, 2.65244, 3.54133], "rotation": 180, "texture": "#1"}
			}
		},
		{
			"from": [4.4, 6.9, 4],
			"to": [5.4, 9.1, 12],
			"rotation": {"angle": -45, "axis": "z", "origin": [8, 8, 0]},
			"faces": {
				"east": {"uv": [3.56978, 0.45867, 4.43022, 3.98578], "rotation": 90, "texture": "#1"},
				"west": {"uv": [0.90311, 3.54133, 1.76356, 0.01422], "rotation": 90, "texture": "#1"},
				"up": {"uv": [0.45867, 0.01422, 0.87467, 3.54133], "texture": "#1"},
				"down": {"uv": [2.23644, 0.01422, 2.65244, 3.54133], "rotation": 180, "texture": "#1"}
			}
		},
		{
			"from": [4.4, 6.9, 4],
			"to": [5.4, 9.1, 12],
			"faces": {
				"east": {"uv": [3.56978, 0.45867, 4.43022, 3.98578], "rotation": 90, "texture": "#1"},
				"west": {"uv": [1.792, 3.54133, 2.65244, 0.01422], "rotation": 90, "texture": "#1"},
				"up": {"uv": [0.90311, 0.01422, 1.31911, 3.54133], "rotation": 180, "texture": "#1"},
				"down": {"uv": [2.23644, 0.01422, 2.65244, 3.54133], "texture": "#1"}
			}
		},
		{
			"from": [4.4, 6.9, 4],
			"to": [5.4, 9.1, 12],
			"rotation": {"angle": 45, "axis": "z", "origin": [8, 8, 0]},
			"faces": {
				"east": {"uv": [3.56978, 0.45867, 4.43022, 3.98578], "rotation": 90, "texture": "#1"},
				"west": {"uv": [2.68089, 3.54133, 3.54133, 0.01422], "rotation": 90, "texture": "#1"},
				"up": {"uv": [1.792, 0.01422, 2.208, 3.54133], "rotation": 180, "texture": "#1"},
				"down": {"uv": [3.12533, 0.01422, 3.54133, 3.54133], "texture": "#1"}
			}
		}
	]
}