{
	"credit": "Made with Blockbench",
	"parent": "minecraft:block/block",
	"texture_size": [32, 32],
	"textures": {
		"0": "create_new_age:block/stirling_engine",
		"particle": "create:block/industrial_iron_block"
	},
	"elements": [
		{
			"from": [2, 0, 0],
			"to": [14, 16, 3],
			"faces": {
				"north": {"uv": [5.984, 3.016, 0.016, 10.984], "rotation": 180, "texture": "#0", "cullface": "north"},
				"east": {"uv": [0.016, 0.016, 7.984, 1.484], "rotation": 270, "texture": "#0"},
				"south": {"uv": [5.984, 10.984, 0.016, 3.016], "texture": "#0"},
				"west": {"uv": [0.016, 0.016, 7.984, 1.484], "rotation": 90, "texture": "#0"},
				"up": {"uv": [0.016, 1.516, 5.984, 2.984], "rotation": 180, "texture": "#0", "cullface": "up"},
				"down": {"uv": [0.016, 1.516, 5.984, 2.984], "texture": "#0", "cullface": "down"}
			}
		},
		{
			"from": [3, 1, 3],
			"to": [13, 15, 12],
			"faces": {
				"east": {"uv": [5.016, 11.016, 11.984, 15.484], "rotation": 90, "texture": "#0"},
				"south": {"uv": [12.984, 10.984, 6.016, 6.016], "rotation": 90, "texture": "#0"},
				"west": {"uv": [5.016, 11.016, 11.984, 15.484], "rotation": 90, "texture": "#0"},
				"up": {"uv": [0.016, 11.016, 4.984, 15.484], "rotation": 180, "texture": "#0"},
				"down": {"uv": [0.016, 15.484, 4.984, 11.016], "rotation": 180, "texture": "#0"}
			}
		},
		{
			"from": [5, 2, 12],
			"to": [11, 14, 14],
			"faces": {
				"east": {"uv": [6.016, 5.016, 11.984, 5.984], "rotation": 270, "texture": "#0"},
				"south": {"uv": [13.984, 2.984, 8.016, 0.016], "rotation": 90, "texture": "#0"},
				"west": {"uv": [11.984, 5.984, 6.016, 5.016], "rotation": 270, "texture": "#0"},
				"up": {"uv": [8.984, 4.984, 6.016, 4.016], "texture": "#0"},
				"down": {"uv": [6.016, 4.016, 8.984, 4.984], "texture": "#0"}
			}
		},
		{
			"from": [6, 9, 14],
			"to": [10, 13, 16],
			"faces": {
				"east": {"uv": [14.016, 2.016, 15.984, 2.984], "rotation": 270, "texture": "#0"},
				"south": {"uv": [15.984, 1.984, 14.016, 0.016], "texture": "#0", "cullface": "south"},
				"west": {"uv": [14.016, 2.984, 15.984, 2.016], "rotation": 270, "texture": "#0"},
				"up": {"uv": [15.984, 2.984, 14.016, 2.016], "texture": "#0"},
				"down": {"uv": [15.984, 2.016, 14.016, 2.984], "texture": "#0"}
			}
		},
		{
			"from": [6, 3, 14],
			"to": [10, 7, 16],
			"faces": {
				"east": {"uv": [14.016, 2.016, 15.984, 2.984], "rotation": 270, "texture": "#0"},
				"south": {"uv": [15.984, 1.984, 14.016, 0.016], "texture": "#0", "cullface": "south"},
				"west": {"uv": [14.016, 2.984, 15.984, 2.016], "rotation": 270, "texture": "#0"},
				"up": {"uv": [15.984, 2.984, 14.016, 2.016], "texture": "#0"},
				"down": {"uv": [15.984, 2.016, 14.016, 2.984], "texture": "#0"}
			}
		},
		{
			"from": [13, 3, 9.5],
			"to": [15, 7, 9.5],
			"shade": false,
			"faces": {
				"north": {"uv": [6.016, 1.516, 7.984, 2.484], "rotation": 90, "texture": "#0"},
				"south": {"uv": [6.016, 1.516, 7.984, 2.484], "rotation": 90, "texture": "#0"}
			}
		},
		{
			"from": [13, 3, 5.5],
			"to": [15, 7, 5.5],
			"shade": false,
			"faces": {
				"north": {"uv": [6.016, 1.516, 7.984, 2.484], "rotation": 90, "texture": "#0"},
				"south": {"uv": [6.016, 1.516, 7.984, 2.484], "rotation": 90, "texture": "#0"}
			}
		},
		{
			"from": [13, 9, 9.5],
			"to": [15, 13, 9.5],
			"shade": false,
			"faces": {
				"north": {"uv": [6.016, 1.516, 7.984, 2.484], "rotation": 90, "texture": "#0"},
				"south": {"uv": [6.016, 1.516, 7.984, 2.484], "rotation": 90, "texture": "#0"}
			}
		},
		{
			"from": [13, 9, 5.5],
			"to": [15, 13, 5.5],
			"shade": false,
			"faces": {
				"north": {"uv": [6.016, 1.516, 7.984, 2.484], "rotation": 90, "texture": "#0"},
				"south": {"uv": [6.016, 1.516, 7.984, 2.484], "rotation": 90, "texture": "#0"}
			}
		},
		{
			"from": [12.5, 11.5, 10.5],
			"to": [13.5, 12.5, 11.5],
			"faces": {
				"north": {"uv": [6.016, 2.516, 6.484, 2.984], "rotation": 180, "texture": "#0"},
				"east": {"uv": [6.016, 2.516, 6.484, 2.984], "rotation": 180, "texture": "#0"},
				"south": {"uv": [6.016, 2.516, 6.484, 2.984], "rotation": 180, "texture": "#0"},
				"west": {"uv": [6.016, 2.516, 6.484, 2.984], "rotation": 180, "texture": "#0"},
				"up": {"uv": [6.016, 2.516, 6.484, 2.984], "rotation": 180, "texture": "#0"},
				"down": {"uv": [6.016, 2.516, 6.484, 2.984], "rotation": 180, "texture": "#0"}
			}
		},
		{
			"from": [12.5, 11.5, 3.5],
			"to": [13.5, 12.5, 4.5],
			"faces": {
				"north": {"uv": [6.016, 2.516, 6.484, 2.984], "rotation": 180, "texture": "#0"},
				"east": {"uv": [6.016, 2.516, 6.484, 2.984], "rotation": 180, "texture": "#0"},
				"south": {"uv": [6.016, 2.516, 6.484, 2.984], "rotation": 180, "texture": "#0"},
				"west": {"uv": [6.016, 2.516, 6.484, 2.984], "rotation": 180, "texture": "#0"},
				"up": {"uv": [6.016, 2.516, 6.484, 2.984], "rotation": 180, "texture": "#0"},
				"down": {"uv": [6.016, 2.516, 6.484, 2.984], "rotation": 180, "texture": "#0"}
			}
		},
		{
			"from": [13.5, 11.5, 3.5],
			"to": [14.5, 12.5, 11.5],
			"faces": {
				"north": {"uv": [6.016, 2.516, 6.484, 2.984], "texture": "#0"},
				"east": {"uv": [6.016, 3.016, 9.984, 3.484], "texture": "#0"},
				"south": {"uv": [6.016, 2.516, 6.484, 2.984], "texture": "#0"},
				"west": {"uv": [6.016, 3.016, 9.984, 3.484], "texture": "#0"},
				"up": {"uv": [6.016, 3.016, 9.984, 3.484], "rotation": 90, "texture": "#0"},
				"down": {"uv": [9.984, 3.016, 6.016, 3.484], "rotation": 90, "texture": "#0"}
			}
		},
		{
			"from": [12.5, 9.5, 10.5],
			"to": [13.5, 10.5, 11.5],
			"faces": {
				"north": {"uv": [6.016, 2.516, 6.484, 2.984], "rotation": 180, "texture": "#0"},
				"east": {"uv": [6.016, 2.516, 6.484, 2.984], "rotation": 180, "texture": "#0"},
				"south": {"uv": [6.016, 2.516, 6.484, 2.984], "rotation": 180, "texture": "#0"},
				"west": {"uv": [6.016, 2.516, 6.484, 2.984], "rotation": 180, "texture": "#0"},
				"up": {"uv": [6.016, 2.516, 6.484, 2.984], "rotation": 180, "texture": "#0"},
				"down": {"uv": [6.016, 2.516, 6.484, 2.984], "rotation": 180, "texture": "#0"}
			}
		},
		{
			"from": [13.5, 9.5, 3.5],
			"to": [14.5, 10.5, 11.5],
			"faces": {
				"north": {"uv": [6.016, 2.516, 6.484, 2.984], "texture": "#0"},
				"east": {"uv": [6.016, 3.016, 9.984, 3.484], "texture": "#0"},
				"south": {"uv": [6.016, 2.516, 6.484, 2.984], "texture": "#0"},
				"west": {"uv": [6.016, 3.016, 9.984, 3.484], "texture": "#0"},
				"up": {"uv": [6.016, 3.016, 9.984, 3.484], "rotation": 90, "texture": "#0"},
				"down": {"uv": [9.984, 3.016, 6.016, 3.484], "rotation": 90, "texture": "#0"}
			}
		},
		{
			"from": [12.5, 9.5, 3.5],
			"to": [13.5, 10.5, 4.5],
			"faces": {
				"north": {"uv": [6.016, 2.516, 6.484, 2.984], "rotation": 180, "texture": "#0"},
				"east": {"uv": [6.016, 2.516, 6.484, 2.984], "rotation": 180, "texture": "#0"},
				"south": {"uv": [6.016, 2.516, 6.484, 2.984], "rotation": 180, "texture": "#0"},
				"west": {"uv": [6.016, 2.516, 6.484, 2.984], "rotation": 180, "texture": "#0"},
				"up": {"uv": [6.016, 2.516, 6.484, 2.984], "rotation": 180, "texture": "#0"},
				"down": {"uv": [6.016, 2.516, 6.484, 2.984], "rotation": 180, "texture": "#0"}
			}
		},
		{
			"from": [12.5, 5.5, 10.5],
			"to": [13.5, 6.5, 11.5],
			"faces": {
				"north": {"uv": [6.016, 2.516, 6.484, 2.984], "rotation": 180, "texture": "#0"},
				"east": {"uv": [6.016, 2.516, 6.484, 2.984], "rotation": 180, "texture": "#0"},
				"south": {"uv": [6.016, 2.516, 6.484, 2.984], "rotation": 180, "texture": "#0"},
				"west": {"uv": [6.016, 2.516, 6.484, 2.984], "rotation": 180, "texture": "#0"},
				"up": {"uv": [6.016, 2.516, 6.484, 2.984], "rotation": 180, "texture": "#0"},
				"down": {"uv": [6.016, 2.516, 6.484, 2.984], "rotation": 180, "texture": "#0"}
			}
		},
		{
			"from": [13.5, 5.5, 3.5],
			"to": [14.5, 6.5, 11.5],
			"faces": {
				"north": {"uv": [6.016, 2.516, 6.484, 2.984], "texture": "#0"},
				"east": {"uv": [6.016, 3.016, 9.984, 3.484], "texture": "#0"},
				"south": {"uv": [6.016, 2.516, 6.484, 2.984], "texture": "#0"},
				"west": {"uv": [6.016, 3.016, 9.984, 3.484], "texture": "#0"},
				"up": {"uv": [6.016, 3.016, 9.984, 3.484], "rotation": 90, "texture": "#0"},
				"down": {"uv": [9.984, 3.016, 6.016, 3.484], "rotation": 90, "texture": "#0"}
			}
		},
		{
			"from": [12.5, 5.5, 3.5],
			"to": [13.5, 6.5, 4.5],
			"faces": {
				"north": {"uv": [6.016, 2.516, 6.484, 2.984], "rotation": 180, "texture": "#0"},
				"east": {"uv": [6.016, 2.516, 6.484, 2.984], "rotation": 180, "texture": "#0"},
				"south": {"uv": [6.016, 2.516, 6.484, 2.984], "rotation": 180, "texture": "#0"},
				"west": {"uv": [6.016, 2.516, 6.484, 2.984], "rotation": 180, "texture": "#0"},
				"up": {"uv": [6.016, 2.516, 6.484, 2.984], "rotation": 180, "texture": "#0"},
				"down": {"uv": [6.016, 2.516, 6.484, 2.984], "rotation": 180, "texture": "#0"}
			}
		},
		{
			"from": [12.5, 3.5, 10.5],
			"to": [13.5, 4.5, 11.5],
			"faces": {
				"north": {"uv": [6.016, 2.516, 6.484, 2.984], "rotation": 180, "texture": "#0"},
				"east": {"uv": [6.016, 2.516, 6.484, 2.984], "rotation": 180, "texture": "#0"},
				"south": {"uv": [6.016, 2.516, 6.484, 2.984], "rotation": 180, "texture": "#0"},
				"west": {"uv": [6.016, 2.516, 6.484, 2.984], "rotation": 180, "texture": "#0"},
				"up": {"uv": [6.016, 2.516, 6.484, 2.984], "rotation": 180, "texture": "#0"},
				"down": {"uv": [6.016, 2.516, 6.484, 2.984], "rotation": 180, "texture": "#0"}
			}
		},
		{
			"from": [13.5, 3.5, 3.5],
			"to": [14.5, 4.5, 11.5],
			"faces": {
				"north": {"uv": [6.016, 2.516, 6.484, 2.984], "texture": "#0"},
				"east": {"uv": [6.016, 3.016, 9.984, 3.484], "texture": "#0"},
				"south": {"uv": [6.016, 2.516, 6.484, 2.984], "texture": "#0"},
				"west": {"uv": [6.016, 3.016, 9.984, 3.484], "texture": "#0"},
				"up": {"uv": [6.016, 3.016, 9.984, 3.484], "rotation": 90, "texture": "#0"},
				"down": {"uv": [9.984, 3.016, 6.016, 3.484], "rotation": 90, "texture": "#0"}
			}
		},
		{
			"from": [12.5, 3.5, 3.5],
			"to": [13.5, 4.5, 4.5],
			"faces": {
				"north": {"uv": [6.016, 2.516, 6.484, 2.984], "rotation": 180, "texture": "#0"},
				"east": {"uv": [6.016, 2.516, 6.484, 2.984], "rotation": 180, "texture": "#0"},
				"south": {"uv": [6.016, 2.516, 6.484, 2.984], "rotation": 180, "texture": "#0"},
				"west": {"uv": [6.016, 2.516, 6.484, 2.984], "rotation": 180, "texture": "#0"},
				"up": {"uv": [6.016, 2.516, 6.484, 2.984], "rotation": 180, "texture": "#0"},
				"down": {"uv": [6.016, 2.516, 6.484, 2.984], "rotation": 180, "texture": "#0"}
			}
		}
	]
}