{
	"credit": "Made with Blockbench",
	"parent": "minecraft:block/cube_bottom_top",
	"texture_size": [48, 48],
	"textures": {
		"3": "create_new_age:block/solar/solar_0",
		"particle": "create:block/industrial_iron_block"
	},
	"elements": [
		{
			"name": "h",
			"from": [13.5, 6, 0],
			"to": [13.5, 16, 6],
			"shade": false,
			"rotation": {"angle": -45, "axis": "y", "origin": [13.5, 6, 2.5]},
			"faces": {
				"east": {"uv": [1.98933, 12.67733, 0, 15.98933], "texture": "#3"},
				"west": {"uv": [0, 12.67733, 1.98933, 15.98933], "texture": "#3"}
			}
		},
		{
			"name": "h",
			"from": [2.5, 6, 10],
			"to": [2.5, 16, 16],
			"shade": false,
			"rotation": {"angle": -45, "axis": "y", "origin": [2.5, 6, 13.5]},
			"faces": {
				"east": {"uv": [2, 12.67733, 3.98933, 15.98933], "texture": "#3"},
				"west": {"uv": [3.98933, 12.67733, 2, 15.98933], "texture": "#3"}
			}
		},
		{
			"name": "h",
			"from": [10, 6, 13.5],
			"to": [16, 16, 13.5],
			"shade": false,
			"rotation": {"angle": -45, "axis": "y", "origin": [13.5, 6, 13.5]},
			"faces": {
				"north": {"uv": [0, 12.67733, 1.98933, 15.98933], "texture": "#3"},
				"south": {"uv": [1.98933, 12.67733, 0, 15.98933], "texture": "#3"}
			}
		},
		{
			"name": "h",
			"from": [2.5, 6, 0],
			"to": [2.5, 16, 6],
			"shade": false,
			"rotation": {"angle": 45, "axis": "y", "origin": [2.5, 6, 2.5]},
			"faces": {
				"east": {"uv": [3.98933, 12.67733, 2, 15.98933], "texture": "#3"},
				"west": {"uv": [2, 12.67733, 3.98933, 15.98933], "texture": "#3"}
			}
		},
		{
			"name": "g",
			"from": [1.5, 14, 1.5],
			"to": [14.5, 15, 14.5],
			"shade": false,
			"faces": {
				"north": {"uv": [0.01067, 10.67733, 4.32267, 10.98933], "texture": "#3"},
				"east": {"uv": [0.01067, 6.67733, 0.32267, 10.98933], "rotation": 270, "texture": "#3"},
				"south": {"uv": [4.32267, 6.67733, 0.01067, 6.98933], "texture": "#3"},
				"west": {"uv": [4.01067, 6.67733, 4.32267, 10.98933], "rotation": 90, "texture": "#3"},
				"up": {"uv": [4.32267, 10.98933, 0.01067, 6.67733], "texture": "#3"},
				"down": {"uv": [4.32267, 6.67733, 0.01067, 10.98933], "texture": "#3"}
			}
		},
		{
			"name": "g",
			"from": [4.5, 11, 4.5],
			"to": [11.5, 12, 11.5],
			"shade": false,
			"faces": {
				"north": {"uv": [7.344, 8.67733, 9.656, 8.98933], "texture": "#3"},
				"east": {"uv": [7.344, 6.67733, 7.656, 8.98933], "rotation": 270, "texture": "#3"},
				"south": {"uv": [7.344, 6.67733, 9.656, 6.98933], "rotation": 180, "texture": "#3"},
				"west": {"uv": [9.344, 6.67733, 9.656, 8.98933], "rotation": 90, "texture": "#3"},
				"up": {"uv": [9.656, 8.98933, 7.344, 6.67733], "texture": "#3"},
				"down": {"uv": [9.656, 6.67733, 7.344, 8.98933], "texture": "#3"}
			}
		},
		{
			"name": "o",
			"from": [4, 5, 0],
			"to": [12, 11, 1],
			"faces": {
				"north": {"uv": [0.01067, 0.01067, 2.656, 1.98933], "texture": "#3", "cullface": "north"},
				"east": {"uv": [0.01067, 0.01067, 0.33333, 1.98933], "texture": "#3"},
				"south": {"uv": [0.01067, 0.01067, 2.656, 1.98933], "texture": "#3"},
				"west": {"uv": [2.344, 0.01067, 2.656, 1.98933], "texture": "#3"},
				"up": {"uv": [2.656, 0.33333, 0.01067, 0.01067], "texture": "#3"},
				"down": {"uv": [2.656, 1.66667, 0.01067, 1.98933], "texture": "#3"}
			}
		},
		{
			"name": "o",
			"from": [4, 5, 15],
			"to": [12, 11, 16],
			"faces": {
				"north": {"uv": [0.01067, 0.01067, 2.656, 1.98933], "texture": "#3"},
				"east": {"uv": [2.344, 0.01067, 2.656, 1.98933], "texture": "#3"},
				"south": {"uv": [0.01067, 0.01067, 2.656, 1.98933], "texture": "#3", "cullface": "south"},
				"west": {"uv": [0.01067, 0.01067, 0.33333, 1.98933], "texture": "#3"},
				"up": {"uv": [0.01067, 0.33333, 2.656, 0.01067], "texture": "#3"},
				"down": {"uv": [0.01067, 1.66667, 2.656, 1.98933], "texture": "#3"}
			}
		},
		{
			"name": "o",
			"from": [0, 5, 4],
			"to": [1, 11, 12],
			"faces": {
				"north": {"uv": [0.01067, 0.01067, 0.33333, 1.98933], "texture": "#3"},
				"east": {"uv": [0.01067, 0.01067, 2.656, 1.98933], "texture": "#3"},
				"south": {"uv": [2.344, 0.01067, 2.656, 1.98933], "texture": "#3"},
				"west": {"uv": [0.01067, 0.01067, 2.656, 1.98933], "texture": "#3", "cullface": "west"},
				"up": {"uv": [0.01067, 0.33333, 2.656, 0.01067], "rotation": 90, "texture": "#3"},
				"down": {"uv": [2.656, 1.98933, 0.01067, 1.66667], "rotation": 90, "texture": "#3"}
			}
		},
		{
			"name": "o",
			"from": [15, 5, 4],
			"to": [16, 11, 12],
			"faces": {
				"north": {"uv": [2.344, 0.01067, 2.656, 1.98933], "texture": "#3"},
				"east": {"uv": [0.01067, 0.01067, 2.656, 1.98933], "texture": "#3", "cullface": "east"},
				"south": {"uv": [0.01067, 0.01067, 0.33333, 1.98933], "texture": "#3"},
				"west": {"uv": [0.01067, 0.01067, 2.656, 1.98933], "texture": "#3"},
				"up": {"uv": [0.01067, 0.33333, 2.656, 0.01067], "rotation": 90, "texture": "#3"},
				"down": {"uv": [2.656, 1.98933, 0.01067, 1.66667], "rotation": 90, "texture": "#3"}
			}
		},
		{
			"name": "t",
			"from": [1, 6, 5],
			"to": [2, 10, 11],
			"faces": {
				"north": {"uv": [14.344, 0.01067, 14.656, 1.32266], "texture": "#3"},
				"east": {"uv": [12.66667, 0.01067, 14.656, 1.33333], "texture": "#3"},
				"south": {"uv": [12.66667, 0.01067, 12.98933, 1.33333], "texture": "#3"},
				"up": {"uv": [14.656, 0.01067, 12.66667, 0.33333], "rotation": 90, "texture": "#3"},
				"down": {"uv": [12.66667, 1.01067, 14.656, 1.33333], "rotation": 90, "texture": "#3"}
			}
		},
		{
			"name": "t",
			"from": [5, 6, 1],
			"to": [11, 10, 2],
			"faces": {
				"east": {"uv": [14.344, 0.01067, 14.656, 1.33333], "texture": "#3"},
				"south": {"uv": [12.66667, 0.01067, 14.656, 1.33333], "texture": "#3"},
				"west": {"uv": [12.66667, 0.01067, 12.98933, 1.33333], "texture": "#3"},
				"up": {"uv": [12.66667, 0.01067, 14.656, 0.33333], "texture": "#3"},
				"down": {"uv": [12.66667, 0.01067, 14.656, 0.33333], "texture": "#3"}
			}
		},
		{
			"name": "t",
			"from": [14, 6, 5],
			"to": [15, 10, 11],
			"faces": {
				"north": {"uv": [12.66667, 0.01067, 12.98933, 1.33333], "texture": "#3"},
				"south": {"uv": [14.344, 0.01067, 14.656, 1.33333], "texture": "#3"},
				"west": {"uv": [12.66667, 0.01067, 14.656, 1.33333], "texture": "#3"},
				"up": {"uv": [12.66667, 0.01067, 14.656, 0.33333], "rotation": 90, "texture": "#3"},
				"down": {"uv": [14.656, 1.01067, 12.66667, 1.33333], "rotation": 90, "texture": "#3"}
			}
		},
		{
			"name": "t",
			"from": [5, 6, 14],
			"to": [11, 10, 15],
			"faces": {
				"north": {"uv": [12.66667, 0.01067, 14.656, 1.33333], "texture": "#3"},
				"east": {"uv": [12.66667, 0.01067, 12.98933, 1.33333], "texture": "#3"},
				"west": {"uv": [14.344, 0.01067, 14.656, 1.33333], "texture": "#3"},
				"up": {"uv": [14.656, 0.01067, 12.66667, 0.33333], "texture": "#3"},
				"down": {"uv": [14.656, 1.01067, 12.66667, 1.33333], "texture": "#3"}
			}
		},
		{
			"name": "c",
			"from": [6, 7, 2],
			"to": [10, 9, 5],
			"faces": {
				"east": {"uv": [0.01067, 4.66667, 0.98933, 5.33333], "texture": "#3"},
				"west": {"uv": [0.98933, 3.344, 0.01067, 3.98933], "texture": "#3"},
				"up": {"uv": [0.98933, 3.33333, 0.01067, 2.01067], "rotation": 90, "texture": "#3"},
				"down": {"uv": [0.01067, 2.01067, 0.98933, 3.33333], "rotation": 270, "texture": "#3"}
			}
		},
		{
			"name": "c",
			"from": [11, 7, 6],
			"to": [14, 9, 10],
			"faces": {
				"north": {"uv": [0.98933, 3.344, 0.01067, 3.98933], "texture": "#3"},
				"south": {"uv": [0.01067, 4.66667, 0.98933, 5.33333], "texture": "#3"},
				"up": {"uv": [0.98933, 3.33333, 0.01067, 2.01067], "rotation": 180, "texture": "#3"},
				"down": {"uv": [0.01067, 2.01067, 0.98933, 3.33333], "rotation": 180, "texture": "#3"}
			}
		},
		{
			"name": "c",
			"from": [6, 7, 11],
			"to": [10, 9, 14],
			"faces": {
				"east": {"uv": [0.98933, 3.344, 0.01067, 3.98933], "texture": "#3"},
				"west": {"uv": [0.01067, 4.66667, 0.98933, 5.33333], "texture": "#3"},
				"up": {"uv": [0.98933, 3.33333, 0.01067, 2.01067], "rotation": 270, "texture": "#3"},
				"down": {"uv": [0.01067, 2.01067, 0.98933, 3.33333], "rotation": 90, "texture": "#3"}
			}
		},
		{
			"name": "c",
			"from": [2, 7, 6],
			"to": [5, 9, 10],
			"faces": {
				"north": {"uv": [0.01067, 4.66667, 0.98933, 5.33333], "texture": "#3"},
				"south": {"uv": [0.98933, 3.344, 0.01067, 3.98933], "texture": "#3"},
				"up": {"uv": [0.98933, 3.33333, 0.01067, 2.01067], "texture": "#3"},
				"down": {"uv": [0.01067, 2.01067, 0.98933, 3.33333], "texture": "#3"}
			}
		},
		{
			"name": "cc",
			"from": [5, 6, 5],
			"to": [11, 10, 11],
			"faces": {
				"north": {"uv": [10.66667, 0.01067, 12.656, 1.32266], "texture": "#3"},
				"east": {"uv": [10.66667, 0.01067, 12.656, 1.32266], "texture": "#3"},
				"south": {"uv": [10.66667, 0.01067, 12.656, 1.32266], "texture": "#3"},
				"west": {"uv": [10.66667, 0.01067, 12.656, 1.32266], "texture": "#3"},
				"up": {"uv": [8.67733, 0.01067, 10.656, 1.98933], "texture": "#3"}
			}
		},
		{
			"name": "bb",
			"from": [2, 0, 2],
			"to": [14, 3, 14],
			"faces": {
				"north": {"uv": [4.66667, 0.01067, 8.656, 0.98933], "texture": "#3"},
				"east": {"uv": [4.66667, 0.01067, 8.656, 0.98933], "texture": "#3"},
				"south": {"uv": [4.66667, 0.01067, 8.656, 0.98933], "texture": "#3"},
				"west": {"uv": [4.66667, 0.01067, 8.656, 0.98933], "texture": "#3"},
				"down": {"uv": [9.656, 2.01067, 5.66667, 5.98933], "texture": "#3", "cullface": "down"}
			}
		},
		{
			"name": "bm",
			"from": [1, 3, 1],
			"to": [15, 6, 15],
			"faces": {
				"north": {"uv": [2.66667, 1.01067, 7.33333, 1.98933], "texture": "#3"},
				"east": {"uv": [2.66667, 1.01067, 7.33333, 1.98933], "texture": "#3"},
				"south": {"uv": [2.66667, 1.01067, 7.33333, 1.98933], "texture": "#3"},
				"west": {"uv": [2.66667, 1.01067, 7.33333, 1.98933], "texture": "#3"},
				"up": {"uv": [5.656, 6.656, 1.01067, 2.01067], "texture": "#3"},
				"down": {"uv": [5.656, 2.01067, 1.01067, 6.656], "texture": "#3"}
			}
		}
	],
	"display": {
		"thirdperson_righthand": {
			"rotation": [75, 45, 0],
			"translation": [0, 2.5, 0],
			"scale": [0.375, 0.375, 0.375]
		},
		"thirdperson_lefthand": {
			"rotation": [75, 45, 0],
			"translation": [0, 2.5, 0],
			"scale": [0.375, 0.375, 0.375]
		},
		"firstperson_righthand": {
			"rotation": [0, 45, 0],
			"scale": [0.4, 0.4, 0.4]
		},
		"firstperson_lefthand": {
			"rotation": [0, 225, 0],
			"scale": [0.4, 0.4, 0.4]
		},
		"ground": {
			"translation": [0, 3, 0],
			"scale": [0.25, 0.25, 0.25]
		},
		"gui": {
			"rotation": [30, 225, 0],
			"scale": [0.625, 0.625, 0.625]
		},
		"fixed": {
			"scale": [0.5, 0.5, 0.5]
		}
	}
}