{
	"credit": "Made with Blockbench",
	"parent": "block/block",
	"render_type": "cutout",
	"texture_size": [64, 64],
	"textures": {
		"all": "create_new_age:block/reactor/acceptor",
		"particle": "create_new_age:block/reactor/casing"
	},
	"elements": [
		{
			"from": [2, 1, 2],
			"to": [14, 3, 14],
			"faces": {
				"north": {"uv": [4.008, 4.508, 6.992, 4.992], "texture": "#all"},
				"east": {"uv": [4.008, 4.508, 6.992, 4.992], "texture": "#all"},
				"south": {"uv": [4.008, 4.508, 6.992, 4.992], "texture": "#all"},
				"west": {"uv": [4.008, 4.508, 6.992, 4.992], "texture": "#all"},
				"down": {"uv": [0.008, 4.758, 2.992, 7.742], "texture": "#all"}
			}
		},
		{
			"from": [3, 0, 3],
			"to": [13, 1, 13],
			"faces": {
				"north": {"uv": [8.992, 1.758, 6.508, 1.992], "rotation": 180, "texture": "#all"},
				"east": {"uv": [8.992, 1.758, 6.508, 1.992], "rotation": 180, "texture": "#all"},
				"south": {"uv": [8.992, 1.758, 6.508, 1.992], "rotation": 180, "texture": "#all"},
				"west": {"uv": [8.992, 1.758, 6.508, 1.992], "rotation": 180, "texture": "#all"},
				"down": {"uv": [6.508, 1.758, 8.992, 4.242], "texture": "#all", "cullface": "down"}
			}
		},
		{
			"from": [4.46447, -3.53553, 7],
			"to": [6.46447, -3.53553, 9],
			"rotation": {"angle": -45, "axis": "z", "origin": [8, 0, 8]},
			"faces": {
				"up": {"uv": [7.008, 4.258, 7.492, 4.742], "texture": "#all", "cullface": "down"},
				"down": {"uv": [7.008, 4.258, 7.492, 4.742], "texture": "#all", "cullface": "down"}
			}
		},
		{
			"from": [6.46447, -3.53553, 7],
			"to": [6.46447, -2.53553, 9],
			"rotation": {"angle": -45, "axis": "z", "origin": [8, 0, 8]},
			"faces": {
				"east": {"uv": [7.008, 4.758, 7.492, 4.992], "texture": "#all", "cullface": "down"},
				"west": {"uv": [7.008, 4.758, 7.492, 4.992], "texture": "#all", "cullface": "down"}
			}
		},
		{
			"from": [7, 1.53553, 11.53553],
			"to": [9, 3.53553, 11.53553],
			"rotation": {"angle": 45, "axis": "x", "origin": [8, 0, 8]},
			"faces": {
				"north": {"uv": [7.008, 4.258, 7.492, 4.742], "rotation": 90, "texture": "#all", "cullface": "down"},
				"south": {"uv": [7.008, 4.258, 7.492, 4.742], "rotation": 90, "texture": "#all", "cullface": "down"}
			}
		},
		{
			"from": [7, 1.53553, 10.53553],
			"to": [9, 1.53553, 11.53553],
			"rotation": {"angle": 45, "axis": "x", "origin": [8, 0, 8]},
			"faces": {
				"up": {"uv": [7.008, 4.758, 7.492, 4.992], "rotation": 180, "texture": "#all", "cullface": "down"},
				"down": {"uv": [7.008, 4.758, 7.492, 4.992], "rotation": 180, "texture": "#all", "cullface": "down"}
			}
		},
		{
			"from": [9.53553, -3.53553, 7],
			"to": [11.53553, -3.53553, 9],
			"rotation": {"angle": 45, "axis": "z", "origin": [8, 0, 8]},
			"faces": {
				"up": {"uv": [7.008, 4.258, 7.492, 4.742], "rotation": 180, "texture": "#all", "cullface": "down"},
				"down": {"uv": [7.008, 4.258, 7.492, 4.742], "rotation": 180, "texture": "#all", "cullface": "down"}
			}
		},
		{
			"from": [9.53553, -3.53553, 7],
			"to": [9.53553, -2.53553, 9],
			"rotation": {"angle": 45, "axis": "z", "origin": [8, 0, 8]},
			"faces": {
				"east": {"uv": [7.008, 4.758, 7.492, 4.992], "texture": "#all", "cullface": "down"},
				"west": {"uv": [7.008, 4.758, 7.492, 4.992], "texture": "#all", "cullface": "down"}
			}
		},
		{
			"from": [7, 1.53553, 4.46447],
			"to": [9, 3.53553, 4.46447],
			"rotation": {"angle": -45, "axis": "x", "origin": [8, 0, 8]},
			"faces": {
				"north": {"uv": [7.008, 4.258, 7.492, 4.742], "rotation": 90, "texture": "#all", "cullface": "down"},
				"south": {"uv": [7.008, 4.258, 7.492, 4.742], "rotation": 90, "texture": "#all", "cullface": "down"}
			}
		},
		{
			"from": [7, 1.53553, 4.46447],
			"to": [9, 1.53553, 5.46447],
			"rotation": {"angle": -45, "axis": "x", "origin": [8, 0, 8]},
			"faces": {
				"up": {"uv": [7.008, 4.758, 7.492, 4.992], "texture": "#all", "cullface": "down"},
				"down": {"uv": [7.008, 4.758, 7.492, 4.992], "texture": "#all", "cullface": "down"}
			}
		},
		{
			"from": [3, 16, 3],
			"to": [13, 17, 13],
			"faces": {
				"north": {"uv": [6.492, 4.008, 4.008, 4.242], "rotation": 180, "texture": "#all", "cullface": "up"},
				"east": {"uv": [4.008, 1.758, 4.242, 4.242], "rotation": 270, "texture": "#all", "cullface": "up"},
				"south": {"uv": [6.492, 1.992, 4.008, 1.758], "texture": "#all", "cullface": "up"},
				"west": {"uv": [6.258, 1.758, 6.492, 4.242], "rotation": 90, "texture": "#all", "cullface": "up"},
				"up": {"uv": [4.008, 1.758, 6.492, 4.242], "rotation": 180, "texture": "#all", "cullface": "up"}
			}
		},
		{
			"from": [0, 13, 0],
			"to": [16, 16, 16],
			"faces": {
				"north": {"uv": [3.992, 4.008, 0.008, 4.742], "rotation": 180, "texture": "#all", "cullface": "north"},
				"east": {"uv": [0.008, 4.008, 3.992, 4.742], "texture": "#all", "cullface": "east"},
				"south": {"uv": [0.008, 4.742, 3.992, 4.008], "texture": "#all", "cullface": "south"},
				"west": {"uv": [0.008, 4.008, 3.992, 4.742], "texture": "#all", "cullface": "west"},
				"up": {"uv": [0.008, 0.008, 3.992, 3.992], "rotation": 180, "texture": "#all", "cullface": "up"},
				"down": {"uv": [0.008, 0.008, 3.992, 3.992], "texture": "#all"}
			}
		},
		{
			"from": [0, 3, 0],
			"to": [16, 6, 16],
			"faces": {
				"north": {"uv": [3.992, 4.008, 0.008, 4.742], "rotation": 180, "texture": "#all", "cullface": "north"},
				"east": {"uv": [0.008, 4.008, 3.992, 4.742], "texture": "#all", "cullface": "east"},
				"south": {"uv": [0.008, 4.742, 3.992, 4.008], "texture": "#all", "cullface": "south"},
				"west": {"uv": [0.008, 4.008, 3.992, 4.742], "texture": "#all", "cullface": "west"},
				"up": {"uv": [0.008, 0.008, 3.992, 3.992], "rotation": 180, "texture": "#all"},
				"down": {"uv": [0.008, 0.008, 3.992, 3.992], "texture": "#all"}
			}
		},
		{
			"from": [2, 6, 2],
			"to": [14, 13, 14],
			"faces": {
				"north": {"uv": [4.008, 0.008, 6.992, 1.742], "texture": "#all"},
				"east": {"uv": [4.008, 0.008, 6.992, 1.742], "texture": "#all"},
				"south": {"uv": [4.008, 0.008, 6.992, 1.742], "texture": "#all"},
				"west": {"uv": [4.008, 0.008, 6.992, 1.742], "texture": "#all"}
			}
		},
		{
			"from": [13, 6, 1],
			"to": [15, 13, 3],
			"faces": {
				"north": {"uv": [0.008, 1.258, 0.492, 2.992], "texture": "#all"},
				"east": {"uv": [3.508, 1.258, 3.992, 2.992], "texture": "#all"},
				"south": {"uv": [3.508, 1.258, 3.992, 2.992], "texture": "#all"},
				"west": {"uv": [0.008, 1.258, 0.492, 2.992], "texture": "#all"}
			}
		},
		{
			"from": [13, 6, 13],
			"to": [15, 13, 15],
			"faces": {
				"north": {"uv": [0.008, 1.258, 0.492, 2.992], "texture": "#all"},
				"east": {"uv": [0.008, 1.258, 0.492, 2.992], "texture": "#all"},
				"south": {"uv": [3.508, 1.258, 3.992, 2.992], "texture": "#all"},
				"west": {"uv": [3.508, 1.258, 3.992, 2.992], "texture": "#all"}
			}
		},
		{
			"from": [1, 6, 13],
			"to": [3, 13, 15],
			"faces": {
				"north": {"uv": [3.508, 1.258, 3.992, 2.992], "texture": "#all"},
				"east": {"uv": [0.008, 1.258, 0.492, 2.992], "texture": "#all"},
				"south": {"uv": [0.008, 1.258, 0.492, 2.992], "texture": "#all"},
				"west": {"uv": [3.508, 1.258, 3.992, 2.992], "texture": "#all"}
			}
		},
		{
			"from": [1, 6, 1],
			"to": [3, 13, 3],
			"faces": {
				"north": {"uv": [3.508, 1.258, 3.992, 2.992], "texture": "#all"},
				"east": {"uv": [3.508, 1.258, 3.992, 2.992], "texture": "#all"},
				"south": {"uv": [0.008, 1.258, 0.492, 2.992], "texture": "#all"},
				"west": {"uv": [0.008, 1.258, 0.492, 2.992], "texture": "#all"}
			}
		},
		{
			"from": [2, 6, 1.75],
			"to": [14, 13, 1.75],
			"faces": {
				"north": {"uv": [9.008, 1.758, 11.992, 3.492], "texture": "#all"},
				"south": {"uv": [9.008, 1.758, 11.992, 3.492], "texture": "#all"}
			}
		},
		{
			"from": [14.25, 6, 2],
			"to": [14.25, 13, 14],
			"faces": {
				"east": {"uv": [13.008, 0.008, 15.992, 1.742], "texture": "#all"},
				"west": {"uv": [13.008, 0.008, 15.992, 1.742], "texture": "#all"}
			}
		},
		{
			"from": [2, 6, 14.25],
			"to": [14, 13, 14.25],
			"faces": {
				"north": {"uv": [10.008, 0.008, 12.992, 1.742], "texture": "#all"},
				"south": {"uv": [10.008, 0.008, 12.992, 1.742], "texture": "#all"}
			}
		},
		{
			"from": [1.75, 6, 2],
			"to": [1.75, 13, 14],
			"faces": {
				"east": {"uv": [7.008, 0.008, 9.992, 1.742], "texture": "#all"},
				"west": {"uv": [7.008, 0.008, 9.992, 1.742], "texture": "#all"}
			}
		}
	]
}