{
	"credit": "Made with Blockbench",
	"parent": "block/block",
	"texture_size": [32, 32],
	"textures": {
		"1": "create_new_age:block/reactor/vent_steel",
		"all": "create_new_age:block/reactor/vent",
		"particle": "create_new_age:block/reactor/casing"
	},
	"elements": [
		{
			"name": "s",
			"from": [13, 9, 13],
			"to": [15, 13, 15],
			"faces": {
				"north": {"uv": [4.016, 0.516, 4.984, 2.484], "texture": "#all"},
				"east": {"uv": [4.016, 0.516, 4.984, 2.484], "texture": "#all"},
				"south": {"uv": [4.016, 0.516, 4.984, 2.484], "texture": "#all"},
				"west": {"uv": [4.016, 0.516, 4.984, 2.484], "texture": "#all"}
			}
		},
		{
			"name": "s",
			"from": [13, 9, 1],
			"to": [15, 13, 3],
			"faces": {
				"north": {"uv": [4.016, 0.516, 4.984, 2.484], "texture": "#all"},
				"east": {"uv": [4.016, 0.516, 4.984, 2.484], "texture": "#all"},
				"south": {"uv": [4.016, 0.516, 4.984, 2.484], "texture": "#all"},
				"west": {"uv": [4.016, 0.516, 4.984, 2.484], "texture": "#all"}
			}
		},
		{
			"name": "s",
			"from": [1, 9, 13],
			"to": [3, 13, 15],
			"faces": {
				"north": {"uv": [4.016, 0.516, 4.984, 2.484], "texture": "#all"},
				"east": {"uv": [4.016, 0.516, 4.984, 2.484], "texture": "#all"},
				"south": {"uv": [4.016, 0.516, 4.984, 2.484], "texture": "#all"},
				"west": {"uv": [4.016, 0.516, 4.984, 2.484], "texture": "#all"}
			}
		},
		{
			"name": "s",
			"from": [1, 9, 1],
			"to": [3, 13, 3],
			"faces": {
				"north": {"uv": [4.016, 0.516, 4.984, 2.484], "texture": "#all"},
				"east": {"uv": [4.016, 0.516, 4.984, 2.484], "texture": "#all"},
				"south": {"uv": [4.016, 0.516, 4.984, 2.484], "texture": "#all"},
				"west": {"uv": [4.016, 0.516, 4.984, 2.484], "texture": "#all"}
			}
		},
		{
			"name": "o",
			"from": [5, 15, 5],
			"to": [11, 16, 11],
			"faces": {
				"north": {"uv": [2.516, 2.516, 5.484, 2.984], "texture": "#all", "cullface": "up"},
				"east": {"uv": [5.016, 2.516, 5.484, 5.484], "rotation": 90, "texture": "#all", "cullface": "up"},
				"south": {"uv": [2.516, 5.016, 5.484, 5.484], "texture": "#all", "cullface": "up"},
				"west": {"uv": [2.516, 2.516, 2.984, 5.484], "rotation": 90, "texture": "#all", "cullface": "up"},
				"up": {"uv": [2.516, 2.516, 5.484, 5.484], "texture": "#all", "cullface": "up"}
			}
		},
		{
			"name": "t",
			"from": [14, 13, 2],
			"to": [16, 16, 14],
			"faces": {
				"east": {"uv": [9.016, 0.016, 14.984, 1.484], "texture": "#all", "cullface": "east"},
				"west": {"uv": [9.016, 0.016, 14.984, 1.484], "texture": "#all"},
				"up": {"uv": [7.016, 1.016, 7.984, 6.984], "texture": "#all", "cullface": "up"},
				"down": {"uv": [7.016, 9.016, 7.984, 14.984], "texture": "#all"}
			}
		},
		{
			"name": "t",
			"from": [0, 13, 2],
			"to": [2, 16, 14],
			"faces": {
				"east": {"uv": [9.016, 0.016, 14.984, 1.484], "texture": "#all"},
				"west": {"uv": [9.016, 0.016, 14.984, 1.484], "texture": "#all", "cullface": "west"},
				"up": {"uv": [0.016, 1.016, 0.984, 6.984], "texture": "#all", "cullface": "up"},
				"down": {"uv": [0.984, 9.016, 0.016, 14.984], "texture": "#all"}
			}
		},
		{
			"name": "t",
			"from": [0, 13, 14],
			"to": [16, 16, 16],
			"faces": {
				"north": {"uv": [8.016, 0.016, 15.984, 1.484], "texture": "#all"},
				"east": {"uv": [8.016, 0.016, 8.984, 1.484], "texture": "#all", "cullface": "east"},
				"south": {"uv": [8.016, 0.016, 15.984, 1.484], "texture": "#all", "cullface": "south"},
				"west": {"uv": [15.016, 0.016, 15.984, 1.484], "texture": "#all", "cullface": "west"},
				"up": {"uv": [0.016, 7.016, 7.984, 7.984], "texture": "#all", "cullface": "up"},
				"down": {"uv": [0.016, 15.016, 7.984, 15.984], "texture": "#all"}
			}
		},
		{
			"name": "t",
			"from": [0, 13, 0],
			"to": [16, 16, 2],
			"faces": {
				"north": {"uv": [8.016, 0.016, 15.984, 1.484], "texture": "#all", "cullface": "north"},
				"east": {"uv": [15.016, 0.016, 15.984, 1.484], "texture": "#all", "cullface": "east"},
				"south": {"uv": [8.016, 0.016, 15.984, 1.484], "texture": "#all"},
				"west": {"uv": [8.016, 0.016, 8.984, 1.484], "texture": "#all", "cullface": "west"},
				"up": {"uv": [0.016, 0.016, 7.984, 0.984], "texture": "#all", "cullface": "up"},
				"down": {"uv": [0.016, 8.016, 7.984, 8.984], "texture": "#all"}
			}
		},
		{
			"name": "m",
			"from": [2, 13, 2],
			"to": [14, 15, 14],
			"faces": {
				"up": {"uv": [1.016, 1.016, 6.984, 6.984], "texture": "#all", "cullface": "up"},
				"down": {"uv": [1.016, 9.016, 6.984, 14.984], "texture": "#all"}
			}
		},
		{
			"name": "m",
			"from": [0, 8, 0],
			"to": [16, 9, 16],
			"faces": {
				"north": {"uv": [7.984, 8.016, 0.016, 8.484], "texture": "#all", "cullface": "north"},
				"east": {"uv": [7.516, 8.016, 7.984, 15.984], "rotation": 90, "texture": "#all", "cullface": "east"},
				"south": {"uv": [0.016, 15.516, 7.984, 15.984], "texture": "#all", "cullface": "south"},
				"west": {"uv": [0.016, 8.016, 0.484, 15.984], "rotation": 90, "texture": "#all", "cullface": "west"},
				"up": {"uv": [0.016, 8.016, 7.984, 15.984], "rotation": 180, "texture": "#all"}
			}
		},
		{
			"name": "c",
			"from": [7, 9, 3],
			"to": [9, 13, 13],
			"faces": {
				"north": {"uv": [8.984, 1.516, 8.016, 3.484], "rotation": 180, "texture": "#all"},
				"east": {"uv": [8.016, 1.516, 12.984, 3.484], "rotation": 180, "texture": "#all"},
				"south": {"uv": [8.984, 1.516, 8.016, 3.484], "rotation": 180, "texture": "#all"},
				"west": {"uv": [8.016, 1.516, 12.984, 3.484], "rotation": 180, "texture": "#all"}
			}
		},
		{
			"name": "c",
			"from": [3, 9, 7],
			"to": [13, 13, 9],
			"faces": {
				"north": {"uv": [8.016, 1.516, 12.984, 3.484], "rotation": 180, "texture": "#all"},
				"east": {"uv": [8.984, 1.516, 8.016, 3.484], "rotation": 180, "texture": "#all"},
				"south": {"uv": [8.016, 1.516, 12.984, 3.484], "rotation": 180, "texture": "#all"},
				"west": {"uv": [8.984, 1.516, 8.016, 3.484], "rotation": 180, "texture": "#all"}
			}
		},
		{
			"name": "b",
			"from": [0, 7, 0],
			"to": [16, 8, 16],
			"faces": {
				"north": {"uv": [7.984, 7.984, 0.016, 7.516], "texture": "#1", "cullface": "north"},
				"east": {"uv": [7.516, 7.984, 7.984, 0.016], "rotation": 90, "texture": "#1", "cullface": "east"},
				"south": {"uv": [0.016, 0.016, 7.984, 0.484], "texture": "#1", "cullface": "south"},
				"west": {"uv": [0.016, 0.016, 0.484, 7.984], "rotation": 90, "texture": "#1", "cullface": "west"},
				"down": {"uv": [7.984, 7.984, 0.016, 0.016], "rotation": 180, "texture": "#1"}
			}
		},
		{
			"name": "f",
			"from": [1, 0, 14],
			"to": [15, 7, 14],
			"shade": false,
			"faces": {
				"north": {"uv": [8.016, 0.016, 14.984, 3.484], "rotation": 180, "texture": "#1"},
				"south": {"uv": [14.984, 0.016, 8.016, 3.484], "rotation": 180, "texture": "#1"}
			}
		},
		{
			"name": "f",
			"from": [1, 0, 12],
			"to": [15, 7, 12],
			"shade": false,
			"faces": {
				"north": {"uv": [8.016, 3.516, 14.984, 6.984], "rotation": 180, "texture": "#1"},
				"south": {"uv": [14.984, 3.516, 8.016, 6.984], "rotation": 180, "texture": "#1"}
			}
		},
		{
			"name": "f",
			"from": [1, 0, 10],
			"to": [15, 7, 10],
			"shade": false,
			"faces": {
				"north": {"uv": [8.016, 7.016, 14.984, 10.484], "rotation": 180, "texture": "#1"},
				"south": {"uv": [14.984, 7.016, 8.016, 10.484], "rotation": 180, "texture": "#1"}
			}
		},
		{
			"name": "f",
			"from": [1, 0, 8],
			"to": [15, 7, 8],
			"shade": false,
			"faces": {
				"north": {"uv": [8.016, 10.516, 14.984, 13.984], "rotation": 180, "texture": "#1"},
				"south": {"uv": [14.984, 10.516, 8.016, 13.984], "rotation": 180, "texture": "#1"}
			}
		},
		{
			"name": "f",
			"from": [1, 0, 6],
			"to": [15, 7, 6],
			"shade": false,
			"faces": {
				"north": {"uv": [8.016, 7.016, 14.984, 10.484], "rotation": 180, "texture": "#1"},
				"south": {"uv": [14.984, 7.016, 8.016, 10.484], "rotation": 180, "texture": "#1"}
			}
		},
		{
			"name": "f",
			"from": [1, 0, 4],
			"to": [15, 7, 4],
			"shade": false,
			"faces": {
				"north": {"uv": [8.016, 3.516, 14.984, 6.984], "rotation": 180, "texture": "#1"},
				"south": {"uv": [14.984, 3.516, 8.016, 6.984], "rotation": 180, "texture": "#1"}
			}
		},
		{
			"name": "f",
			"from": [1, 0, 2],
			"to": [15, 7, 2],
			"shade": false,
			"faces": {
				"north": {"uv": [8.016, 0.016, 14.984, 3.484], "rotation": 180, "texture": "#1"},
				"south": {"uv": [14.984, 0.016, 8.016, 3.484], "rotation": 180, "texture": "#1"}
			}
		}
	]
}